<?xml version="1.0" encoding="iso-8859-1"?>

<userOverrides>
  <override>
    <path>C:\Users\ChxxxXL\Desktop\K66Four\Libraries\XMU\Bottom\AD.c</path>
    <encoding>System</encoding>
  </override>
  <override>
    <path>C:\Users\ChxxxXL\Desktop\K66Four\Libraries\XMU\Bottom\BMP.c</path>
    <encoding>System</encoding>
  </override>
  <override>
    <path>C:\Users\ChxxxXL\Desktop\K66Four\Libraries\XMU\Bottom\Bluetooth.c</path>
    <encoding>System</encoding>
  </override>
  <override>
    <path>C:\Users\ChxxxXL\Desktop\K66Four\Libraries\XMU\Bottom\DFLASH.c</path>
    <encoding>System</encoding>
  </override>
  <override>
    <path>C:\Users\ChxxxXL\Desktop\K66Four\Libraries\XMU\Bottom\Init.c</path>
    <encoding>System</encoding>
  </override>
  <override>
    <path>C:\Users\ChxxxXL\Desktop\K66Four\Libraries\XMU\Bottom\Menu.c</path>
    <encoding>System</encoding>
  </override>
  <override>
    <path>C:\Users\ChxxxXL\Desktop\K66Four\Libraries\XMU\Bottom\OLED.c</path>
    <encoding>System</encoding>
  </override>
  <override>
    <path>C:\Users\ChxxxXL\Desktop\K66Four\Libraries\XMU\Control\DelayDist.c</path>
    <encoding>System</encoding>
  </override>
  <override>
    <path>C:\Users\ChxxxXL\Desktop\K66Four\Libraries\XMU\Control\Meeting.c</path>
    <encoding>System</encoding>
  </override>
  <override>
    <path>C:\Users\ChxxxXL\Desktop\K66Four\Libraries\XMU\Control\SteerControl.c</path>
    <encoding>System</encoding>
  </override>
  <override>
    <path>C:\Users\ChxxxXL\Desktop\K66Four\Libraries\XMU\Control\speedC.c</path>
    <encoding>System</encoding>
  </override>
  <override>
    <path>C:\Users\ChxxxXL\Desktop\K66Four\Libraries\XMU\Image\CircleIsland.cpp</path>
    <encoding>System</encoding>
  </override>
  <override>
    <path>C:\Users\ChxxxXL\Desktop\K66Four\Libraries\XMU\Image\FillSpecialLine.cpp</path>
    <encoding>System</encoding>
  </override>
  <override>
    <path>C:\Users\ChxxxXL\Desktop\K66Four\Libraries\XMU\Image\FindLine.cpp</path>
    <encoding>System</encoding>
  </override>
  <override>
    <path>C:\Users\ChxxxXL\Desktop\K66Four\Libraries\XMU\Image\GlobalVar.cpp</path>
    <encoding>System</encoding>
  </override>
  <override>
    <path>C:\Users\ChxxxXL\Desktop\K66Four\Libraries\XMU\Image\GlobalVar.h</path>
    <encoding>System</encoding>
  </override>
  <override>
    <path>C:\Users\ChxxxXL\Desktop\K66Four\Libraries\XMU\Image\MainProcess.cpp</path>
    <encoding>System</encoding>
  </override>
  <override>
    <path>C:\Users\ChxxxXL\Desktop\K66Four\Libraries\XMU\Image\SpecialElem.cpp</path>
    <encoding>System</encoding>
  </override>
  <override>
    <path>C:\Users\ChxxxXL\Desktop\K66Four\Libraries\XMU\Image\canny.cpp</path>
    <encoding>System</encoding>
  </override>
  <override>
    <path>C:\Users\ChxxxXL\Desktop\K66Four\Projecct\USER\src\isr.c</path>
    <encoding>System</encoding>
  </override>
</userOverrides>


